pid,url,pageTitle,trackName,openDate,area,rideType,length,hoursNet,climb,descent,difficulty,technicalDifficulty,singleTrack,circular,beginners,fullMoonOk,startPoint,milestones,attraction,season,descriptionText,gpxUrl,gpxLocalPath,openerName
2650,https://www.groopy.co.il/tracks.aspx,גרופי – מסלולי טיולי אופניים,,,,,,,,,,,,,,,,,,,,,,
2649,https://www.groopy.co.il/tracks.aspx,גרופי – מסלולי טיולי אופניים,,,,,,,,,,,,,,,,,,,,,,
2648,https://www.groopy.co.il/trackinfo.aspx?pid=2648,מסלול רכיבת אופניים | בנימינה לצ'ק פוסט (לב המפרץ),בנימינה לצ'ק פוסט (לב המפרץ),27/07/2022,הכרמל ורמות מנשה,XC,"59 ק""מ",3.5 שעות,600 מטר,600 מטר,בינוני,בינוני,לא,לא,לא,לא,תחנת הרכבת בנימינה,,,,,https://www.groopy.co.il/files/maslul/2648gps.gpx,gpx/2648.gpx,אהוד גנני
2647,https://www.groopy.co.il/trackinfo.aspx?pid=2647,"מסלול רכיבת אופניים | משני צידי הירדן- עפ""י רז גורן(כל הקרדיט והתודות)","משני צידי הירדן- עפ""י רז גורן(כל הקרדיט והתודות)",26/07/2022,גליל עליון,XC,"42 ק""מ",5.0 שעות,440 מטר,440 מטר,בינוני,קל,לא,כן,לא,לא,רפטינג נהר הירדן,,,גם בקיץ החם(בתנאי שתתנהגו כמוני),"אתם יכולים לראות אותו באתר של רז גורן, מפורט לפרטי פרטים. אני עשיתי עם טיפת שינויים, שיניתי את נקודת הפתיחה(כשתראו תבינו) ועוד קצת בחזרה מעין הדייג. את כל הסיפור שלי, תוכלו לראות עוד מעט בגלריה וסיפור דרך שאני מעלה כאן. וכמובן שיש לכם את כאן את ההקלטה של הטיול.",https://www.groopy.co.il/files/maslul/2647gps.gpx,gpx/2647.gpx,ברקאי
2646,https://www.groopy.co.il/trackinfo.aspx?pid=2646,מסלול רכיבת אופניים | מטל שחר לבית ג'מאל,מטל שחר לבית ג'מאל,22/07/2022,ירושלים והסביבה,XC,"50 ק""מ",4.0 שעות,1000 מטר,1000 מטר,בינוני-קשה,בינוני,לא,כן,לא,כן,תחנת הדלק בישוב טל שחר,,,,,,,שושן   צחור
2645,https://www.groopy.co.il/trackinfo.aspx?pid=2645,מסלול רכיבת אופניים | מצומת שמשון להר איתן,מצומת שמשון להר  איתן,11/07/2022,ירושלים והסביבה,XC,"50 ק""מ",4.0 שעות,1000 מטר,1000 מטר,בינוני-קשה,בינוני,לא,לא,לא,כן,צומת שמשון  ברחבה של תחנת הדלק,,,,יציאה מצומת שמשון יער הקדושים כסלון דרומי גבעת יערים הר איתן חזרה יורדים עין לימון חוזרים צפוני מסילת ציון ולרכבים רכיבה עם נוף מהמם ומאתרת מאוד,,,שושן   צחור
2644,https://www.groopy.co.il/trackinfo.aspx?pid=2644,"מסלול רכיבת אופניים | שמורת נחל שורק-נוף שחבל""ז","שמורת נחל שורק-נוף   שחבל""ז",09/07/2022,ירושלים והסביבה,XC,"6 ק""מ",1.0 שעות,,,בינוני-קשה,בינוני,לא,לא,לא,לא,"שביל סמ""ש שחור היורד  דרומית/מערבית   בסמוך לכניסה להר הטייסים.",,נוף נפלא,כל השנה,"מדובר בדרך נופית 4*4 כ5.5 ק""מ אורכה(טיפוס אנכי מצטבר כ 75 מטר ) שעוברת בשני שליש הרכס שמעל שמורת נחל שורק,עוקפת את הישוב רמת רזיאל מדרום בסמוך לבתים,עולה לקטע כביש קצר המוביל לאנדרטת מגילת האש,ומתחברת מחדש לדרך ה4*4 ומסתיימת בסמ""ש כחול היורד מכיסלון לכביש 395. למיטב ידיעתי ,מיעוט רוכבים מכירים דרך זו שחושפת בפני הרוכב נופי הר ובקעה ירוקים ומרהיבים ב180 מעלות מהרי חברון ועד שפלת החוף. הדרך משופעת באבנים גדולות וקטנות ומחייבת ערנות מלאה. הפיתוי להעביר עיניים מאתגרי הדרך אל הנוף הנפלא מסוכן ומפתה מאוד. מומלץ לעצור ויותר מפעם אחת ולהנות ממראות הנוף . היות ומדובר בקטע קצר אני ממליץ לשלבו במסלול ארוך יותר ואת הציר המוקלט לרכב ממזרח למערב . רכיבה הפוכה משמעותה טיפוסים בזוויות חדות, מלאות אבנים ודרדרת קשה. המסלול לא מתאים לרוכבים מתחילים. בעלי אופניים חשמליות עם צמיגים ברוחב 2.40 וקוביות מלאות, יחגגו שם. ההקלטה בפורמט trk . ניתן לקבלו גם בפורמטים gpx,kmz. לשאלות והבהרות -אבינועם דור 058-4533874",https://www.groopy.co.il/files/maslul/2644gps.trk,gpx/2644.gpx,אבינועם
2643,https://www.groopy.co.il/trackinfo.aspx?pid=2643,מסלול רכיבת אופניים | מקיבוץ נחשון לבר בהר,מקיבוץ  נחשון לבר בהר,12/06/2022,ירושלים והסביבה,XC,"83 ק""מ",6.0 שעות,1700 מטר,2000 מטר,בינוני-קשה,בינוני,לא,כן,לא,כן,קיבוץ נחשון  ברחבה לפני הקיבוץ,צומת  שמשון  גבעת יערים  גשר קובי  בר בהר,,,יציאה מקיבוץ נחשון נווה שלום יער אשתאול יער הקדושים כסלון דרומי גבעת יערים יורדים עין הטייסים גשר קובי. בר בהר חזרה לרכבים רכיבה מאתגרת לא להחמיץ תודה ממאיר,,,שושן   צחור
2642,https://www.groopy.co.il/trackinfo.aspx?pid=2642,מסלול רכיבת אופניים | בנימינה עקב נדיב צור חושן תנינים,בנימינה עקב נדיב צור חושן תנינים,10/06/2022,הכרמל ורמות מנשה,XC,"31 ק""מ",4.0 שעות,455 מטר,455 מטר,בינוני-קשה,בינוני,לא,כן,לא,לא,תחנת רכבת בנימינה,,,,"טיול שרכבנו אתמול. נהניתי מאד, שתהנו גם אתם. הכי מומלץ, עם הרכבת של 6:01 תחנת האוניברסיטה(סבידור5:58)או בעצם כל תחנת רכבת לםני השעה 6. תחנת בנימינה(6:30),על מדרכה צפונה אל שוני, לפני שוני ימינה טיפוס דרך המחצבה אל חוטם הכרמל(לא בדיוק). חורבות עקב, העתיקות התצפיות.(עד כאן פחות מ6קמ,אבל 190עליות,ממש לא קל). פארק הנדיב, סיור קל בשבילי הפארק החיצוני(השנה בסימן של שנת השמיטה,מעניין). ירידה אל עין צור, בור המקוה, ממש מתאים ליום חם(מומלץ עם הבגדים,ישמור עליכם בהמשך מהחום). עם שביל ישראל טיפוס אל חורשן, הרבה עליות(עוד250)חלקם קשות ויש גם ירידות רעות(אפשר גם על הרגלים). תנינים...הייתי עליו הרבה, אבל כל כך הרבה מים כמו אתמול, עוד לא ראיתי. במפגש עם הנחל,פנינו צפונה (800מ)לעין עמיקם וטבילה טובה(עם בגדים), וחזרה לכל אורכו(השביל כולו רכיב)נקודות כניסה למים, בלי סוף, כמה שתרצו. חזרה לבנימינה דרך בית הכנסת וגן הזכרון. רכבת אחרונה בשבילכם, 14:56, מהירה, רציף 1!!!(עם שלפניה 20 דקות קודם ורציף 3,מדרגות לרדת ולעלות ותרויחו רק 6 דקות). טיול טוב(לי לא קל),עם המים,מתאים גם לימים החמים(לא נורא חמים). קובץ הניווט המצורף סופר רק 350 עליות, אבל זה 450(ומרגיש יותר,צחוק). גלריה כאן תעלה בראשון.",https://www.groopy.co.il/files/maslul/2642gps.gpx,gpx/2642.gpx,ברקאי
2641,https://www.groopy.co.il/trackinfo.aspx?pid=2641,מסלול רכיבת אופניים | רכבלית1 ואל גלים ועין קדם,רכבלית1 ואל גלים ועין קדם,31/05/2022,הכרמל ורמות מנשה,XC,"24 ק""מ",3.0 שעות,275 מטר,,בינוני,בינוני,לא,לא,לא,לא,רכבלית מרכזית המפרץ,,,,"קטע ראשון, מסלול מס 1 מסדרת המסלולים עם הרכבלית 10 קמ 180 עליות מעגלי, רובו בשטח על שבילי אספלט, מוגדר כמשפחתי, אבל 180עליות, אז כל אחד יגדיר לעצמו. קטע שני, ירידה על שביל קשה(רע), אל נחל גלים ועין קדם 14קמ כולו בירידה,90 עליות. אנחנו עם הרכבת מתחנת האוניברסיטה בשעה 9:01(חמש דקות לתשע נכנסים לתחנה),שעה 10 במרכזית המפרץ. עליה עם הרכבלית עד האוניברסיטה(זוג אופניים אחד בקרונית, ולהרים מושב אחד). מכאן המסלול המעגלי שלפני סיומו הקטע השני יורדים אל טירת הכרמל ואל רכבת מרכזית הכרמל, איתה חוזרים לאן שהתחלתם. סיפור דרך בגלריה שאעלה בהמשך. (יש לי בעיה בקובץ המסלול, לא ספר את העליות,כנראה מכשיר בניווט שאתו הקלטתי)",https://www.groopy.co.il/files/maslul/2641gps.gpx,gpx/2641.gpx,ברקאי
2640,https://www.groopy.co.il/trackinfo.aspx?pid=2640,מסלול רכיבת אופניים | סובב טבעון (3 טבילות),סובב טבעון (3 טבילות),26/05/2022,גליל תחתון והעמקים,XC,"31 ק""מ",2.5 שעות,460 מטר,460 מטר,בינוני,בינוני,לא,כן,לא,לא,חוצות אלונים,,,,"טבילות בעין אלרואי, באר אבא ועין חזין",https://www.groopy.co.il/files/maslul/2640gps.gpx,gpx/2640.gpx,אהוד גנני
2639,https://www.groopy.co.il/trackinfo.aspx?pid=2639,מסלול רכיבת אופניים | Haifa Cable Express PLUS (בהשראת אדוארדו אוקסמן),Haifa Cable Express PLUS (בהשראת אדוארדו אוקסמן),24/05/2022,הכרמל ורמות מנשה,בעיר,"42 ק""מ",2.5 שעות,1000 מטר,500 מטר,בינוני,קל,לא,לא,לא,לא,תחנת הרכבת חוף הכרמל,,,,"טיפוס בדרך פרווינד לאחוזה. טיילת אלמוגי. ירידה לנו""ש, נוה יוסף לצ'ק פוסט. עליה לאוניברסיטה ברכבלית. ירידה לטירת הכרמל דרך נחל גלים (בשמורת שויצריה הקטנה). המשך לחוף דדו, טיילת הכט וטיילת בת גלים. סיום בתחנת הרכבת בת גלים.",https://www.groopy.co.il/files/maslul/2639gps.gpx,gpx/2639.gpx,אהוד גנני
2638,https://www.groopy.co.il/trackinfo.aspx?pid=2638,מסלול רכיבת אופניים | גולן יפה - בין קשת לכורסי,גולן יפה - בין קשת לכורסי,19/05/2022,רמת הגולן,XC,"44 ק""מ",5.0 שעות,201 מטר,1130 מטר,למתקדמים,בינוני,לא,לא,לא,לא,בית הכנסת מושב קשת,,אטרקציה אחת: כל מסלול הטיול.,עכשיו,"מסלול טיול שקיבלתי מגיל מועלם(השריף של הגולן), טילתי אותו אתמול, 18/05/22. היום כולנו עם מכשירי הניווט, אז תאור קצרצר. פורקים רכבים בקשת,נהגים יורדים אל מלון כינר(לא כ""כ נותנים לחנות שם), או בתחנת הדלק בצומת רמות.הקפצה חזרה לקשת ועל האופניים.. קשת אל עינות פאחם,המון המון מים בעונה זו, בכלל כל דרום הגולן עם הרבה מים, מאגרים, שבילים מוצפים והולכים במים. וזהירות יש גם נחשים במים. מעיינות פאחםמקום נהדר להיכנס למים ולהפסקת קפה. חצית כביש הנפט וקטע של שביל קוצני ודי קשה(לא נורא ארוך)לפני סופו,לפני הפניה ימינה,משמאל עין צינור,עמוד ענן אומר שהוא עדיין משפריץ, לא חיפשנו ולכן לא מצאנו(חבל). אם תמצאו כיתבו פה. עין ידידיה, הרבה מים והרבה צל,שולחנות. עין פארס(שבוע שעבר צפע ענק במים. עם הכביש ליד חניון דליות. רמות, מצפון לישוב ירידה גרועה מאד, לא ארוכה,אבל אחריה ירידות נהדרות. לפני הכביש,שמאלה על דרך עפר,חוצים לכנרת הקצה הצפוני של שמורת כורסי. חזרה על הכביש,שול רחב, אל הרכב בכינר הערה כללית: הגדרתי למתקדמים, רמת הכושר שלי. שבילי עפר קשים, או אבני/סלעי בזלת או קוליסים ואמבטיות שהשאירו לנו הג'יפאים. וירידה אחת קשה מאד(לי). אם תרצו מקפיצנים, טלפון שלי כאן בגרופי..",https://www.groopy.co.il/files/maslul/2638gps.gpx,gpx/2638.gpx,ברקאי
2637,https://www.groopy.co.il/trackinfo.aspx?pid=2637,"מסלול רכיבת אופניים | סובב פרדס חנה כרכור - פרכ""ל","סובב פרדס חנה כרכור - פרכ""ל",12/05/2022,הכרמל ורמות מנשה,0,"24 ק""מ",2.0 שעות,150 מטר,150 מטר,קל,קל,לא,כן,כן,לא,לאורך כל המסלול,,,,"מסלול סביב פדס חנה וכרוכר, המסלול מסומן ומשולט. תיהנו https://connect.garmin.com/modern/course/65230190",https://www.groopy.co.il/files/maslul/2637gps.gpx,gpx/2637.gpx,זאב בשטח
2636,https://www.groopy.co.il/trackinfo.aspx?pid=2636,מסלול רכיבת אופניים | סובב כנרת,סובב כנרת,11/05/2022,גליל תחתון והעמקים,XC,"65 ק""מ",7.0 שעות,,,בינוני-קשה,בינוני,לא,כן,לא,לא,"חוף דקל הגעה למקום דרך טבריה לרדת לכיון החופים כאשר הכנרת נמצאת מימין
הרעיון להיות כמה שיותר קרובים לכינרת",,,אביב,,,,ARIEL.
2635,https://www.groopy.co.il/trackinfo.aspx?pid=2635,"מסלול רכיבת אופניים | בעיבדיס רוקד השטן....רכיבת יום הזכרון תשפ""ב","בעיבדיס רוקד השטן....רכיבת יום הזכרון תשפ""ב",29/04/2022,הנגב הצפוני והמערבי,XC,"33 ק""מ",4.0 שעות,420 מטר,420 מטר,בינוני,קל,לא,כן,לא,לא,מצודת יואב,,,,"בעיבדיס רוקד השטן. אבל...ד' נלחם להם במצרים(שמות יד כה) כמידי שנה נרכב ביום הזכרון תשפ""ב בין משלטים ואנדרטאות,באתרי הקרבות של לוחמי חטיבת גבעתי על שחרור הנגב. אתרים שנשתדל לבקר בהם: נגבה עיבדיס גדוד 53 משלט 105 זוריק תום ותומר גבעת ארנון חוות מרים אירוס ארם נהריים בבית תימה חוליקאת גדוד 52 גדוד 54 וסיום במוזיאון גבעתי במצודת יואב. קישור לגלריה לרכיבת יום הזכרון תשע""ט(2019) http://www.groopy.co.il/galleryinfo.aspx?gaid=36374",https://www.groopy.co.il/files/maslul/2635gps.gpx,gpx/2635.gpx,ברקאי
2634,https://www.groopy.co.il/trackinfo.aspx?pid=2634,מסלול רכיבת אופניים | נהריה נחל געתון מעיליא נחל כזיב,נהריה נחל געתון מעיליא נחל כזיב,27/04/2022,גליל מערבי,XC,"50 ק""מ",6.0 שעות,723 מטר,723 מטר,בינוני-קשה,בינוני,לא,כן,לא,לא,תחנת רכבת נהריה,ראה תיאור,ראה תיאור,כל השנה. בקיץ לקחת בחשבון שיש קטעים חשופים לשמש ויהיה חם. לכן  מומלץ להקדים את היציאה מוקדם בבוקר. רוב הדרך מוצלת ועם מים.,"הגעה ברכבת לנהריה > רכיבה דרך חממות ומטעי מושב בן עמי, חוצים את כביש 70 ומבקרים באתר אנדרטת שיירת יחיעם. יש לעקוף את האתר הדרך חסומה ע""י שער, עוקפים את השער מדרום כ-20 מ' חוצים פלג זורם ועולים על הדרך עד למחצבה. משם נפגשים עם דרך מסומנת כחול. רצוי להמשיך דרומה על דרך ולהגיע לעין געתון מלמעלה, במקום נקודות לעצירה ליד המים, ומסביב גם שטח רעייה של פרות- הדרך זרועה ""מוקשים"".. מעין געתון יורדים לעין אשחר. חורשת אקליפטוס עם זרימה של מים מקום לפיקניק. מעין אשחר עולים בסינגל יחיעם עד למפגש עם שביל ירוק. אופציה אחת להמשיך עם השביל הירוק ואת הקטע האחרון לעשות ברגל (לא רכיב) עד לכביש. מומלץ להמשיך בסינגל עד למפגש עם שביל וכך לעקוף את מושב געתון ולהתחבר לדרך העוקפת מצפון את מושב עין יעקוב.. חוצים את מושב מעונה במקום גן נחמד עם עץ זית עתיק מקום להפסקה. ממשיכים על כביש בין מעלות למעיליא ויורדים בירידה תלולה ונוף מדהים לנחל כזיב. כשמגיעים לנחל לקחת את השביל השמאלי לדלג על כמה סלעים כדי לעקוף את תחנת השאיבה של מקורות ואח""כ להתחבר לדרך סמ""ש ירוק. מכאן הדרך לאורך הנחל מזמנת מקומות לרחצה והפסקות. תתכננו את הזמן שיוותר מספיק זמן לרחצה או/ו הפסקות טובות. מומלץ להצטייד בנעלי מים להחלפה. הדרך חוצה את המים בהרבה מקומות ומרטיבים את הרגלים. ביציאה חוצים את כביש 70 ובדרך לאורך נחל כזיב (היבש) דרך חממות עד לאנדרטת יד לי""ד. חוצים את כביש 4 לכיוון שמורת כזיב ומגיעים לדרך לאורך הים עד לנהריה וחזרה לתחנת הרכבת.",https://www.groopy.co.il/files/maslul/2634gps.gpx,gpx/2634.gpx,giar
2633,https://www.groopy.co.il/trackinfo.aspx?pid=2633,מסלול רכיבת אופניים | סינגל יחיעם בהובלת מונה 2022,סינגל יחיעם בהובלת מונה 2022,22/04/2022,גליל מערבי,0,"26 ק""מ",4.5 שעות,510 מטר,,בינוני-קשה,בינוני,כן,כן,לא,לא,"חניון השיירה על כביש 70, או השער של קבוץ יחיעם.","חניון השיירה, מחצבת יחיעם על כביש 8833. עין אשחר בנחל געתון.  עין מירב. עין יעקב. געתון, יחיעם, מחצבת אשרת ולמכוניות",,,"הסינגל משודרג. בחודש אפריל 2022 רכיב לכל אורכו, מעט אתגרים טכניים, דורש כושר ומיומנות.",https://www.groopy.co.il/files/maslul/2633gps.gpx,gpx/2633.gpx,yairron
2632,https://www.groopy.co.il/tracks.aspx,גרופי – מסלולי טיולי אופניים,,,,,,,,,,,,,,,,,,,,,,
2631,https://www.groopy.co.il/tracks.aspx,גרופי – מסלולי טיולי אופניים,,,,,,,,,,,,,,,,,,,,,,
2630,https://www.groopy.co.il/trackinfo.aspx?pid=2630,מסלול רכיבת אופניים | עולים בכיסלון יורדים בדיפנבייקר,עולים בכיסלון יורדים בדיפנבייקר,10/03/2022,ירושלים והסביבה,XC,"26 ק""מ",4.0 שעות,570 מטר,570 מטר,בינוני,קל,לא,לא,לא,לא,יקב פאלם(מול אשתאול),,,"חורף, אביב","12 פעמים על הכיסלון בואריאציות שונות הפעם האחרונה בשני 2016, אז הנה עוד אחד. יש הקלטה של מסלול הטיול, אז לא הרבה בתאורים. יקב פאלם(בווייז)מטפסים על האדום לאורכו של הכיסלון(כמעט 10קמ) עד לצומת ה H, שמאלה עם הירוק עולים לכרמילה(עוד עליות), כ900 מ, בחיבור של הירוק לשחור, ימינה עולים לשואבה, מתחת למחלף שורש ומתחברים לדיפנבייקר(אדום), כ500מ חניון יפה(כאן כמובן הפסקה טובה לכל מה שתרצו). שתי אפשרויות ימינה על השחור לרדת עם נחל אילן, או להמשיך על הדיפנבייקר, אנחנו עם דיפנבייקר. שער הגיא, חוצים את 1 ואת 38(זהירות תנועה צפופה), ועל השול(רחב מאד)עד תחנת הדלק מסילת ציון. אל צידו השני של 38(מזרח)ועל שביל סלול לאופניים חזרה לפאלם(דרך היקב,למרות המחסום). ועכשיו זו העונה הכי יפה לטייל שם, גם אחרי גשם(ואפילו בגשם)אין בוץ,כורכר. קובץ מסלול, גלריה, כל מה שמעניין אותכם.",https://www.groopy.co.il/files/maslul/2630gps.gpx,gpx/2630.gpx,ברקאי
2629,https://www.groopy.co.il/trackinfo.aspx?pid=2629,מסלול רכיבת אופניים | נחל יששכר כוכב הירדן,נחל יששכר כוכב הירדן,09/03/2022,גליל תחתון והעמקים,XC,"40 ק""מ",5.0 שעות,890 מטר,890 מטר,בינוני,בינוני,לא,כן,לא,לא,דור אלון גני חוגה,קברו של מאיר הר ציון,,,"מחמדיה לנחל יששכר, כוכב הירדן וחזרה דרך עמק הירדן",https://www.groopy.co.il/files/maslul/2629gps.gpx,gpx/2629.gpx,משה10
2628,https://www.groopy.co.il/trackinfo.aspx?pid=2628,מסלול רכיבת אופניים | זור הירדן,זור הירדן,07/03/2022,שומרון ובקעת הירדן,0,"40 ק""מ",11.0 שעות,,,,,לא,לא,לא,לא,,,,,,https://www.groopy.co.il/files/maslul/2628gps.gpx,gpx/2628.gpx,עמית אררט
2627,https://www.groopy.co.il/trackinfo.aspx?pid=2627,"מסלול רכיבת אופניים | פארק הירקון לנתניה, אירוסים ותל מיכל","פארק הירקון לנתניה, אירוסים ותל מיכל",02/03/2022,מישור החוף,XC,"36 ק""מ",4.0 שעות,233 מטר,225 מטר,קל,קל,לא,לא,לא,לא,חניון דרומי מרכז הספורט רחוב שטרית,,תל מיכל ואירוסים,תקופת הפריחה של האירוסים וכדאי אחרי גשם),"באדיבותו(או שלא)של שמעון(האדום). לא יכול לספור כמה פעמים רכבתי בין הפארק לבית יהושע או נתניה ובהרבה וריאציות. הפעם זה היה שונה. הפעם זה היה עם שמעון. הרכיבה הרגילה,ירקון נמל תל ברוך. סביבות מגדלי נאמן,טיפסנו אל תל מיכל(מליון פעם לידו ולא ידעתי או הכרתי),חפשו את הגת,לנו לא היה זמן., מרינה,חופים, ליד אפולוניה,כניסה למתחם תע""ש הישן, באר עתיקה(תקופת הבריטים, או קודם). יציאה אל לפני ארסוף,שדה אירוסים ענק, חפשו את אירוס הנגב, מקבץ אחד שלו.. שביל האירוסים(שחור)בגן הלאומי חוף השרון, געש,השדה הצבעוני של ילדי געש.על השביל הלבן,מחוץ לשמורה אל וינגייט,ירידה אל הפולג ובגשרון... כאן אתם יכולים לפנות ימינה אל שמורת אודים,אגמון חפר ולתחנת בית יהושע. אנחנו פנינו שמאלה אל שמורת פולג, בריכת החורף של נתניה ותחנת רכבת נתניה ספיר. ברור שעפ""י התאור שלי לא תוכלו לנווט ולכן יש לכם כאן קישור לקובץ ניווט(הקלטה). אעלה גם גלריה,אם מעניין אותכם. כמובן שבתקופת הפריחה של האירוסים ואחרי גשם(הרבה חולות במסלול) וכל הקרדיט, לשמעון כמובן.",https://www.groopy.co.il/files/maslul/2627gps.gpx,gpx/2627.gpx,ברקאי
2626,https://www.groopy.co.il/trackinfo.aspx?pid=2626,מסלול רכיבת אופניים | צבעונים ופליקנים בין בנימינה לעתלית,צבעונים ופליקנים בין בנימינה לעתלית,01/03/2022,מישור החוף,XC,"36 ק""מ",4.0 שעות,286 מטר,298 מטר,בינוני-קל,קל,לא,לא,לא,לא,"בנימינה, מול תחנת הרכבת ממזרח",,,,"באדיבותו(או שלא)של איתן ספיח, בהשראת הגלריה של איתן הדרי ועל בסיס קובץ ההקלטה של לבנה סלוק. אז כל התודות(או הטענות )להם. טיול שעשינו היום 01/03/22. מאחר ומצורף קישור להקלטה של מסלול הניווט, אז רק בכללי ובקצרה על המסלול. תחנת רכבת בנימינה מזרח מעבר מתחת לגשר הרכבת אל מערב המסילה, לאורכו של התנינים ואל מעגן מיכאל לאורכם של ברכות הדגים שהיום הוסבו לבריכות סולריות לייצור חשמל(מעניין מאד, בחלקם על משטחים צפים בתוך הבריכות, כך שיש גם חשמל וגם דגים). גבעת הצבעונים, מרבדים של צבעונים ורקפות. ובבריכות סיכוי לראות עופות מים שונים. נחל דליה, אנחנו לא יכולנו לחצות אותו, אולי לחצות אבל אח""כ הטיפוס על הסוללה, לא נראה אפשרי(המכותבים למעלה,עשו את זה, לאמבין איך), אז חזרנו דרומה ואל החוף ושוב אל דליה ובשפך לים חצינו(כמובן עם הרגלים במים). חוף דור , מקום נהדר להפסקה, מתחם הזכרון לאסון הבונים, מתחם הצניחה והמשך אל עתלית, שוב מעבר מים קשה ובוצי, אני עברתי הם שהיו אתי טפסו לכביש. עתלית, מערב למסילה, בריכות המים/המלח, הפליקנים/פלמינגות בכל צד שעברנו, הם עברו לצד השני. אחרי מפעל המלח, חזרה על שביל אופניים אל תחנת עתלית חזרה לבנימינה. בהמשך אצרף גם קישור לגלריה. כמה ימים אחרי גשם וכמובן בעונת הפריחה.",https://www.groopy.co.il/files/maslul/2626gps.gpx,gpx/2626.gpx,ברקאי
2625,https://www.groopy.co.il/trackinfo.aspx?pid=2625,מסלול רכיבת אופניים | בין גבים לאבן שמואל,בין גבים לאבן שמואל,23/02/2022,הנגב הצפוני והמערבי,XC,"32 ק""מ",4.0 שעות,446 מטר,407 מטר,בינוני,קל,לא,לא,לא,לא,תחנת הדלק בכניסה לגבים,,כל האדום וכל הצבעים האחרים והמרחבים הירוקים,ממש עכשיו,"גבים, אתר הזכרון ללוחמות הפלמ""ח, סינגל דורות, כביש 334 פאתי רוחמה, מגדל התצפית, סינגל ברור חיל, ארץ השקמים, חצית השקמה, תל חסי, הכניסה לאבן שמואל. טיול שעשינו אתמול,22/02/2022, העונה הכי טובה לטייל כאן, תוכלו לקרא ולראות סיפור דרך וגלריה שאעלה פה. גם קובץ ניווט שיעלה בפתיחת המסלול(הקלטה). מסלול לא מעגלי, אם אפשר הקפצה חיצונית מצויין, הקפצה עצמית לא הכי הכי, בין אבן שמואל לגבים נסיעה של כ45 דקות, בבוקר עוד לא כ""כ נורא, אבל הפקקים בחזרה למרכז, לא הכי נחמד",https://www.groopy.co.il/files/maslul/2625gps.gpx,gpx/2625.gpx,ברקאי
2624,https://www.groopy.co.il/trackinfo.aspx?pid=2624,מסלול רכיבת אופניים | פתחת שלום - היסטוריה וחקלאות,פתחת שלום - היסטוריה וחקלאות,22/02/2022,הנגב הצפוני והמערבי,XC,"55 ק""מ",5.0 שעות,90 מטר,90 מטר,קל,קל,לא,כן,לא,לא,קיבוץ גבולות,ראה תיאור,ראה תיאור,חורף. רצוי אחרי ימי גשם.,"פתחת שלום-היסטוריה וחקלאות הרכיבה בדרכים חקלאיות סלולות ושבילים חוליים מהודקים אחרי גשם. מה במסלול: היסטוריה במצפה גבולות ורכיבה לאורך קו המים מ-1947, שדות מעובדים, חממות, מאגרי מים ועוד. מדרום למצפה גבולות שטחים עם מרבדים של מנתור – צמח בצבע לילך שצובע את כל השטח. – חודש פברואר מרץ. סיור חקלאי במשק של אורי בתלמי יוסף – ""שביל הסלט"" לתאם מראש ובתשלום. טעימות משלל הצבעים של עגבניות, מיני מלפפונים, תותים ועוד אטרקציות אם הזמן מאפשר. תצפית על מאגר הילל 4 מיליון מ""ק ועל הסביבה - גבעה מערבית למאגר. ביקור והפסקה באנדרטת הפלדה. במקום ספסלים וסככת צל.. הכניסה לאתר: יש לרכב לאורך הגדר של מושב יתד השער הצפוני פתוח. יש לצאת דרכו ולחזור לאורך הצד החיצוני של הגדר עד לאנדרטה. יציאה לכביש הראשי ולחצות אותו בצומת אבשלום. אל תנסו לחצות ולקצר – הכביש דו מסלולי, סואן ועם גדר הפרדה. להמשיך עד לצומת אבשלום ולחזור כ-200 מ'. עוקפים את קיבוץ חולית ולפני קיבוץ סופה מבקרים באתר של נירים הישנה – דנגור. במקום שלטי הסבר אודות האתר. נמשיך לכיוון קיבוץ ניר יצחק, מחוץ לגדר בצד הצפון מערבי ריכוז גדול של אירוס הנגב. – חודש מרץ שיא הפריחה. בסוף פברואר ניתן לראות את העלים ושלב קדם הפריחה. מכאן חוזרים לקיבוץ גבולות (נקודת התחלת הרכיבה) תוך התרשמות מהמושבים החקלאיים מבטחים, צוחר ואוהד.",https://www.groopy.co.il/files/maslul/2624gps.gpx,gpx/2624.gpx,giar
2623,https://www.groopy.co.il/trackinfo.aspx?pid=2623,מסלול רכיבת אופניים | ממצדה לצוק תמרור,ממצדה לצוק תמרור,16/02/2022,מדבר יהודה ובקעת ים המלח,XC,"33 ק""מ",5.0 שעות,405 מטר,367 מטר,בינוני,בינוני,כן,לא,לא,לא,מצדה מצד המערבי - הסוללה.,,,חורף,"סינגל זורם בנוי היטב. בדרך תצפיות ל ים המלח, ונופים מדהימים מעל מצוקי הנחלים: נחל רחף, נחל תור, נחל יעלים ונחל בוקק. הסינגל ממשיך עד מצד זהר. ניתן לקצר את המסלול לטובת זמן בילוי, תצפיות, וגיחות קצרות ברגל לקניוני הנחלים. עוזבים את הסינגל וחותכים לכיוון צוק תמרור עד לנקודת סיום על כביש 31. .",https://www.groopy.co.il/files/maslul/2623gps.gpx,gpx/2623.gpx,giar
2622,https://www.groopy.co.il/trackinfo.aspx?pid=2622,מסלול רכיבת אופניים | נחל אדמון>נחל אשלים>הר סדום,נחל אדמון>נחל אשלים>הר סדום,25/01/2022,מדבר יהודה ובקעת ים המלח,XC,"30 ק""מ",3.5 שעות,326 מטר,326 מטר,בינוני-קשה,בינוני,לא,כן,לא,לא,מפעלי ים המלח,ראה תיאור,ראה תיאור,חורף. יש להתעדכן בתחזית מזג אוויר וסכנת שטפונות.,"מחנים את הרכב במגרש חנייה של מפעלי ים המלח. רוכבים דרומה על הכביש כ-1 ק""מ. פונים על הדרך המסומנת אדום מזרחה ומיד פונים דרומה בדרך המקבילה לכביש. עוד שני ק""מ. בקטע זה תתקלו בצינור וסוללה שחוסמת את הדרך אך הדרך עושה עיקוף מימין. ממשיכים עד לערוץ נחל אדמון ושביל ירוק שפונה מערבה. ממשיכים לרכב בדרך שחלקה הראשון מקביל לערוץ והמשכה בתוך הערוץ על חלוקי נחל. אחרי כ-4 ק""מ עוזבים את נחל אדמון ו""תופרים"" צפונה, עליות וירידות שחוצות ערוצי נחלים, בשניים מהם יש עצי שיטה בחציית הערוץ שמזמינים להפסקה. עוד בדרך, השביל עובר מתחת למסוע האשלג שנמשך 18 ק""מ מערבה ממפעלי ים המלח למישור רותם. ירידה תלולה עם דרדרת עד לערוץ נחל אשלים בזהירות!. כאן פונים מערבה בדרך מקבילה לערוץ כ-1 ק""מ עד שהדרך נגמרת מול מבנה מגודר (תחנת שאיבה??), עוקפים את השטח המגודר מימין וממשיכים לרכב על חלוקי הנחל כ-200מ' עד לעץ שיטה והמצוק.שמתחתיו גב מים, כאן עושים הפסקה. ארוכה, אם הגב מלא יש אופציה לטבילה. אזהרה!! לפני כניסה או חצייה של הנחל יש להתעדכן על סכנת שטפונות.. חוזרים בדרך שבה הגענו חזרה לדרך הראשית ומשם ממשיכים לתפור צפונה, העלייה מערוץ נחל אשלים תלולה מאוד ומדורדרת באבנים - עולים ברגל. ממשיכים צפונה וחוצים את נחל עזגד אזהרה!! אין לרדת מהדרך סכנת מוקשים. ממשיכים עוד כמה תפירות קלות עוברים את צומת מעלה עזגד וכבר נפתח לפננו מישור עמיעז. דוהרים במישור עד לעלייה תלולה אך נוחה לרכיבה לההר סדום, בקצה העלייה פונים ימינה למצפה הר סדום ועולים עוד קצת עד לתצפית המדהימה על ברכות מפעל ים המלח והרי אדום ומואב. יורדים חזרה למישור עמיעד רוכבים מערבה עד לשביל הירוק ואיתו ממשיכים דרומה עד לתצפית מדהימה נוספת בה מוצב פסל סביבתי של עזרא אוריון ""מצב האדם"" . יורדים עם הדרך עד לכביש 90 חוצים אותו ישר אל מגרש החנייה וסוגרים מעגל.",https://www.groopy.co.il/files/maslul/2622gps.gpx,gpx/2622.gpx,giar
2621,https://www.groopy.co.il/trackinfo.aspx?pid=2621,מסלול רכיבת אופניים | SYNT אום זוקא למחולה,SYNT אום זוקא למחולה,22/01/2022,שומרון ובקעת הירדן,XC,"24 ק""מ",4.0 שעות,400 מטר,700 מטר,בינוני,,לא,לא,לא,לא,מחנה פלס אום זוקא,,פריחה. אירוס השומרון ותורמוסים,מרץ,,https://www.groopy.co.il/files/maslul/2621gps.gpx,gpx/2621.gpx,משה10
2620,https://www.groopy.co.il/tracks.aspx,גרופי – מסלולי טיולי אופניים,,,,,,,,,,,,,,,,,,,,,,
2619,https://www.groopy.co.il/trackinfo.aspx?pid=2619,מסלול רכיבת אופניים | יער צרעה,יער  צרעה,20/01/2022,ירושלים והסביבה,XC,"28 ק""מ",2.0 שעות,700 מטר,800 מטר,בינוני-קשה,בינוני,לא,כן,לא,כן,בכניסה ליער צרעה,,,,מסלול בתוך היער על שביל כורכר,,,שושן   צחור
2618,https://www.groopy.co.il/trackinfo.aspx?pid=2618,מסלול רכיבת אופניים | עמק הכלניות הלבנות,עמק הכלניות הלבנות,13/01/2022,השרון,XC,"26 ק""מ",3.5 שעות,360 מטר,360 מטר,בינוני-קשה,בינוני,לא,כן,לא,לא,הקצה הדרומי של חניון נחשונים,,,חורף(כמה ימים אחרי גשם)ואביב.,"טיול שעשינו אתמול(12/01/2022)ואני אהבתי אותו מאד.קראתי לו עמק הכלניות הלבנות. חניון נחשונים מזרחה לתוך היער, מימין לדרך הרחבה,שביל צר(סינגל), לפני חודש היה כולו נרקיסים, עכשיו תחילת הרקפות, אלעד, מזרחה אל הימחי""ם(של מי)ואל הכביש לרנטיס, אנחנו על שול הכביש(רחב מאד), אפשר על שביל(לא קל) ממזרח לכביש, עד קצת לפני המחסום,ימינה אל העמק והנחל ואתו ולכל אורכו דרומה. שביל קשה הרבה אבנים וסלעים, עולים ויורדים(מהאופניים,מי יותר ומי פחות, בבקשה הרבה זהירות, עדיף יותר),בגלל קטע השביל הזה,הגדרתי את המסלול כבינוני קשה. בתחילת הנחל קצת כלניות סגולות ובהמשך, מרבדים של הלבנות. ימינה מערב/דרום, על שבילים טובים,כמעט ללא בוץ, מתחת לשש ול444, ברקת, כניסה קצת קשה בגלל עבודות על הנחל. ושוב על שבילים וגבעות ממערב לכביש וחזרה לנחשונים. יש כאן קובץ של המסלול, בלעדיו יהיה קשה לנווט,אם אינכם מכירים. עכשיו בתקופה זו כולו ירוק ופורח ואחרי כמה ימים בלי גשם אפשר כמעט ללא בוץ. שוב, חשוב מאד, זהירות על הסלעים והאבנים בנחל, עדיף יותר לרדת.",https://www.groopy.co.il/files/maslul/2618gps.gpx,gpx/2618.gpx,ברקאי
2617,https://www.groopy.co.il/trackinfo.aspx?pid=2617,מסלול רכיבת אופניים | מכתש רמון - מפער פיטם,מכתש רמון - מפער פיטם,11/01/2022,הר הנגב והערבה,XC,"29 ק""מ",3.0 שעות,266 מטר,265 מטר,בינוני-קל,בינוני,לא,לא,לא,לא,חניון חול צבעוני במכתש רמון על כביש 40.,ראה תיאור מסלול,ראה תיאור מסלול,חורף אחרי אירוע גשם.,"מסלול קלאסי לחורף ובמיוחד לאחר אירוע גשם במכתש, האוויר צלול, גיבים מלאים, והקטעים החוליים הדוקים לרכיבה. רוכבים כ-1 ק""מ עד לגשר נחל רמון, לפני הגשר יורדים בדרך עפר לתוך הנחל ומתרשמים ממחשוף גיאולוגי של סיל, דייק, וחרסית. רוכבים מי שיכול על חלוקי הנחל כ-700 מ', עוזבים את הנחל לדרום לדרך ג'יפים ממשיכים איתה מזרחה עד להתחברות צומת שבילים כחול שחור. ממשיכים מערבה עם השביל השחור. בהמשך נכנסים לקטע חולי בנחל רעף, אחרי גשם רובו ניתן לרכיבה. מגיעים לצומת עם שביל אדום בולט במקום עץ שיטה סלילנית - חובה לעשות הפסקה במקום. ממשיכים מערבה בדרך טובה מקבילה לערוץ נחל רמון כ-6 ק""מ יש עמוד המציין צומת שבילים. רוכבים דרומה בשביל מסומן אדום, קרוב לצומת מצד שמאל לשביל גב מים בערוץ נחל עפיפון. ממשיכים דרומה במקביל לנחל עפיפון לעוד סדרה של גבי מים - צד שמאל של הדרך. מכאן מולנו לכיוון דרום מתנשא מצוק המכתש ומפער פיטם. רוכבים בעלייה עד לאוכף, אפשר להשאיר את האופניים ולטפס ברגל לפסגת אחד המצוקים ולהנות מתצפית מדהימה. ממשיכים בירידה דרומה ובעצם יצאנו מהמכתש,. מצד שמאל בולטת כיפת הר פיטם: סלע קירטון לבן ופסגה שטוחה בצבע כהה. כמו פיטמה (אולי מכאן השם??). הדרך מובילה עד לנחל נקרות. נחל רחב עם חלוקי נחל. הדרך נמשכת מזרחה בתוך הערוץ והרכיבה היא על חלוקים כל הדרך למרות שהדרך בירידה הרכיבה מאומצת. באחד הקטעים על נחל נקרות יש משטח סלע שבו אפשר לעשות הפסקה ולתפוס שמש חורפית נעימה. אחרי כ-7 ק""מ בתוך נחל נקרות כשהוא פונה מזרחה, עוזבים את הנחל וחותכים בהליכה רגלית צפונה פוגשים את שביל ישראל ושביל אדום (בין קיר האמוניטים לשן רמון). בשביל זה רוכבים סינגל עד לקיר האמוניטים ומשם לחניון שם ימתין רכב. אם רוצים לרכב מעגלי אפשר לרכב על הכביש כ-3 ק""מ עד למחצבות הגבס ומשם על ציר החשמל דרך סמ""ש כחול לנקודת ההתחלה. סה""כ תוספת של כ-7 ק""מ למסלול.",https://www.groopy.co.il/files/maslul/2617gps.gpx,gpx/2617.gpx,giar
2616,https://www.groopy.co.il/trackinfo.aspx?pid=2616,מסלול רכיבת אופניים | מבארי לסינגל אסף- כיסופים וחזרה,מבארי לסינגל אסף- כיסופים וחזרה,09/01/2022,הנגב הצפוני והמערבי,0,"38 ק""מ",3.3 שעות,200 מטר,,למתקדמים,בינוני,כן,כן,לא,לא,חנות לה מדווש בקבוץ בארי,,,בעיקר בחורף ובאביב,"סינגל נהדר,הרבה אמבטיות מכל הסוגים מעמוקות ועד רדודות יחסית.",https://www.groopy.co.il/files/maslul/2616gps.gpx,gpx/2616.gpx,אבינועם
2615,https://www.groopy.co.il/trackinfo.aspx?pid=2615,"מסלול רכיבת אופניים | בית יהושע, חופים ורכסים,גבעות וחולות","בית יהושע, חופים ורכסים,גבעות וחולות",17/12/2021,מישור החוף,XC,"36 ק""מ",3.5 שעות,358 מטר,351 מטר,בינוני,קל,לא,לא,לא,לא,מרכז הספורט רחוב שטרית,,,"חורף, רק אחרי גשם, בשאר ימות השנה, אפשרי רק על השבילים הלבנים.","למסלול הטיול הזה, יש כאן בטח הרבה גירסאות, אז הנה עוד אחת. חניון מרכז הספורט ברחוב שטרית(חינמי). פארק הירקון, נמל רידינג וצפונה לאורך החופים עד אפולוניה, סידני עלי(אפשר סיבובעל הטיילת של סידני עלי). בסיום הכביש,ימינה לחורשה, כ50מ שמאלה כניבה לשטח תע""ש(בעבר), כבישי אספלט ישנים לאורך הרכס(קובץ הניווט הוא על כביש פנימי,אבל אני חושב שאפשר מערבה יותר,כולו על הרכס),יציאה אל החולות, אחרי גשם זה טוב. ארסוף, גן לאומי חוף השרון, גיחה שמאלה אל המרפסת על הדק. יציאה מהגן קצת קשה עם האופניים אבל אפשרית. ירידה ממערב לגעש ועליה/טיפוס קשה(ברגל). מכאן על הסינגלים הנהדרים עד וינגייט. שוב, רק אחרי גשם. כניסה אל וינגייט ממערב, הגשר על 2, עבודות פיתוח באזור אבל אפשר לרדת אל שמורת פולג ואל אודים, עכשיו(16/12),פריחת הנרקיסים והתחלה של הרקפות. אגמון פולג. וסיום אל תחנת רכבת בית שאן(לחשמלוקים מומלץ הכניסה המזרחית), חזרה אל תחנת האוניברסיטה(כל חצי שעה שלמה רכבת). הגדרתי קושי בינוני, רק בגלל קטע הסינגלים, לי הוא בינוני. גובה מצטבר עפ""י IHM, לא מאמין, לא הרגשתי. הערה נחמדה לצפונים שבכם: יש לכם רכבת שיוצאת מנהריה בשעה 5:48 ומעכו ב 5:55(מוצקין,כבר אחרי 6),מגיעה לתחנת האוניברסיטה בשעה 7:24. לדרומים קשה לי להמליץ, רכבת מתאימה היא הרבה יותר מוקדם(ועכשיו חורף, לא נעים).",https://www.groopy.co.il/files/maslul/2615gps.gpx,gpx/2615.gpx,ברקאי
2614,https://www.groopy.co.il/trackinfo.aspx?pid=2614,מסלול רכיבת אופניים | שקנאים בויקר לילדים,שקנאים בויקר לילדים,03/12/2021,השרון,XC,"20 ק""מ",2.5 שעות,160 מטר,160 מטר,קל,קל,לא,לא,לא,לא,מצפור ויקר(בווייז),,,,"הכי יפה והכי מעניין כשהשקנאים שם(ועוד יותר כשמאכילים אותם),אתמול, 2/12/21, הם לא היו שם, לא במים ולא בשמים. אבל גם בלעדיהם הוא טיול נחמד לילדים וגם למבוגרים. אנחנו התחלנו במצפור(גם בגלל חישובי כיווני רוח), מערבה בעליה מתונה על שבילי כורכר טובים, בין הפרדסים, בית הלוי, קצת כביש עם תנועה מועטה, כניסה אל העוגן ממזרח, פשפש קטן בגדר, אחרי בית הקברות שביל חולי קצר(אחרי הגשם מצוין). כניסה למסלול נחל אלכסנדר מזרח(בעצם מש גם למערב). על שולחנות וצל,הפסקת סנדביצים/עוגות, קפה/תה/משקה חלב(ילדים)וחזרה לאורכו של האלכסנדר. אגמון חפר,טיפוס לתצפית והקפה של האגמון, החורשה עם המסגרת לצילום, מצפור ויקר.עליה לתצפית המערבית,או בהתחלה או עכשיו, כשהשקנאים שם,כדאי מאד להמשיך לתצפית המזרחית(עוד קמ אחד), שם רואים אותם מקרוב,שם גם מאכילים אותם. יש לכם כאן קישור לקובץ ניווט של המסלול וגם קישור לגלריה מאתמול(אם מעניין אותכם). חג חנוכה שמח.",https://www.groopy.co.il/files/maslul/2614gps.gpx,gpx/2614.gpx,ברקאי
2613,https://www.groopy.co.il/trackinfo.aspx?pid=2613,מסלול רכיבת אופניים | מרבדים לחולדה,מרבדים לחולדה,01/12/2021,השפלה,XC,"32 ק""מ",3.0 שעות,152 מטר,157 מטר,קל,קל,לא,לא,לא,לא,"נקודת יציאה קיבוץ רבדים. 
נקודת סיום תחנת דלק בכניסה לקיבוץ יסודות.",,,,"נדרשת הקפצת רכבים קצרה כ-7 ק""מ. מסלול כיפי רגוע קחו את הזמן והקדישו זמן לסיור בנקודות עניין בדרך. . רבדים>תוצים את נחל מיקנה יש בו מים בגובה כ-30 ס""מ. בד""כ ניתן לחציה ברכיבה. אך לאחרונה הצטבר בוץ שמחייב חצייה בהליכה. >דרך מטעי אפרסמון לתל מיקנה -עקרון המקראית וסיור בתל: בית בד, תצפית, ובאר. > סלע משה בימן מקום נעים להפסקה קלה עם תצפית למאגר. > אובליסק בריטי לזכר 7 חיילים הודים ו122 עובדי כפייה מצרים. > רוכבים לאורך המסילה וחוצים את נחל שורק בגשר קשתי להולכי רגל.> עוקפים את קיבוץ טל שחר דרך תחנת הרכבת ורכיבה קצרה על המדרכה וכביש לאתר הנצחה של חיל ההנדסה. > יער חולדה: פסל ההגנה והעבודה וקבר אפרים צ'יזיק, סיור בבית הרצל. >רכיבה בשדרת הוושנגטוניות למצפה טל > מצפה טל גודר וסגור לכניסה> עוקפים את קיבוץ חולדה ממערב דרך אגמון שמנקז מי גשם. > חוצים את כביש הראשי לחולדה ובדרך ממשיכים עד לגשר מעל מסילת הרכבת וחוצים> דיזל חולדה, אתר מקורות ותצוגה של קווי המים מ1936 וננדליזים חיבלו בשלטי ההסבר. באותו מקום בתוך החורשה מצבה לשני טייסים שגיא רכס ויאיר רחמילוביץ. >רוכבים מערבה ואח""כ דרומה מקביל לכביש 6 עד לכביש הכניסה לנצר חזני וליסודות ומסיימים בתחנת הדלק על כביש 3..",https://www.groopy.co.il/files/maslul/2613gps.gpx,gpx/2613.gpx,giar
2612,https://www.groopy.co.il/trackinfo.aspx?pid=2612,מסלול רכיבת אופניים | הר טורעאן ויער לביא (בהשראת אבי מור),הר טורעאן ויער לביא (בהשראת אבי מור),28/11/2021,גליל תחתון והעמקים,XC,"44 ק""מ",3.0 שעות,950 מטר,950 מטר,בינוני-קשה,בינוני,לא,כן,לא,לא,,,,,,https://www.groopy.co.il/files/maslul/2612gps.gpx,gpx/2612.gpx,אהוד גנני
2611,https://www.groopy.co.il/tracks.aspx,גרופי – מסלולי טיולי אופניים,,,,,,,,,,,,,,,,,,,,,,
2610,https://www.groopy.co.il/trackinfo.aspx?pid=2610,"מסלול רכיבת אופניים | סובב בית קמה עפ""י מיטרני","סובב בית קמה עפ""י מיטרני",23/11/2021,הנגב הצפוני והמערבי,XC,"40 ק""מ",4.5 שעות,413 מטר,,בינוני,קל,לא,כן,לא,לא,תחנת פז וארומה בצומת בית קמה,,,,"באדיבותו(או שלא) של ישראל מיטרני. אני לא מכיר ולא יודע, סומך על מיטרני.אז אם יהיו טענות, נא אליו. מבית קמה מערבה בין השדות והישובים. קובץ ניווט מעודכן מצורף. עדכון: מכיר ויודע, פעם שניה על המסלול, אין טענות, מסלול טיול נהדר.",https://www.groopy.co.il/files/maslul/2610gps.gpx,gpx/2610.gpx,ברקאי
2609,https://www.groopy.co.il/trackinfo.aspx?pid=2609,מסלול רכיבת אופניים | מבוא ביתר יד קנדי הר שלמון שלוחת שורק נחל רפאים הר רפאים,מבוא ביתר  יד קנדי   הר שלמון  שלוחת שורק  נחל רפאים  הר רפאים,16/11/2021,ירושלים והסביבה,XC,"33 ק""מ",4.0 שעות,850 מטר,850 מטר,בינוני-קשה,בינוני,לא,כן,לא,לא,תחנת דלק מבוא ביתר,ראה תיאור,ראה תיאור,כל השנה הדרך מוצלת ברובה.,"ירידה לעין קובי>סיור באתר> המשך ירידה עד לגשר מסילת הרכבת על נחל רפאים. חוצים מתחת לגשר ומתחילים טיפס להר עמינדב. העלייה ידידותית ובשיפוע נוח מאוד.הדרך מסומנת בסמ""ש ירוק. לפני ההגעה לכביש יש שביל סינגל קצרבמקביל לכביש, שמקצר את הדרך ליד קנדי וחוסך סיכון של רכיבה בכביש. סיור באתר הזיכרון - ""יד קנדי"" והפסקה עם פנים לנוף. ירידה לחורבת סעדים המשך בשביל אדום במדרון הדרומי של הר שלמון עד לצומת עם כביש מסומן ירוק. מכאן טיפוס חד לחוות הגתות,. שימו לב להמשיך בדרך עם סימון ירוק כ-1 ק""מ ואז לפנות לדרך הפונה ימינה בצורה חדה, אפשר לחלוף עליה בלי לראות אותה, . לטפס בדרך זו (ללא סימון) עד שתפגשו שביל הליכה משמאל. מכאן הולכים ברגל בשביל ללא סימון ואחרי מרחק קצר תשתלבו בשביל סמ""ש כחול, השביל מוביל לסדרה של גתות ובסופה ספסלים ואוויר צלול להפסקה. מקום זה נמצא ב קצה הדרך המסומנת ירוק.. אפשר לחזור איתה או פשוט לקצר בהליכה במדרון תלול וקצר עד לדרך שאיתה עלינו. בצומת השבילים לרדת בשביל השחור ובצומת הבאה להמשיך בכחול, הכחול נפגש שוב בשביל השחור שמתפצל: אחד בירידה מפותלת עם דדרת בסיבובים עד לנחל רפאים.ומשם בדרך הצמודה לערוץ הנחל מזרחה עד לגשר. הדרך השנייה ממשיכה מזרחה גם לגשר הרכבת.בצד הצפוני שלה. עולים בעלייה תלולה לכיוון עין קובי ןבפיתול השני של הדרך פונים ימינה לדרך המסומנת כחול.בצומת הבאה להמשיך בדרך עם סימון אדום. צומת הבאה להמשיך עם הירוק. בצומת הבאה לפנות ימינה בשחור ןאחר כך שמאלה לכיוון מזרח בכחול . כאן כבר תראו את תחנת הדלק. להמשיך בדרך עד לשער הסגור ןמהשער יש דרך צמודה לגדר עד לנקודת ההתחלה בתחנת הדלק.",https://www.groopy.co.il/files/maslul/2609gps.gpx,gpx/2609.gpx,giar
2608,https://www.groopy.co.il/trackinfo.aspx?pid=2608,מסלול רכיבת אופניים | מקיבוץ נחשון לנחל אילן,מקיבוץ נחשון  לנחל אילן,12/11/2021,ירושלים והסביבה,XC,"50 ק""מ",4.0 שעות,800 מטר,800 מטר,בינוני-קשה,בינוני,לא,כן,לא,לא,קיבוץ  נחשון,,,,יציאה מקיבוץ נחשון דרך בורמה עולים נחל אילן עוברים דרך אבו גוש עין רפה חוזרים דרך הג'פים מסילת ציון אשתאול ולרכבים,,,שושן   צחור
2607,https://www.groopy.co.il/trackinfo.aspx?pid=2607,מסלול רכיבת אופניים | משלטים ואתרי קידוח נפט,משלטים ואתרי קידוח נפט,10/11/2021,הנגב הצפוני והמערבי,XC,"30 ק""מ",3.5 שעות,100 מטר,100 מטר,בינוני-קל,קל,לא,כן,לא,לא,חמי יואב,ראה תיאור,ראה תיאור,"נובמבר מאי
בימי הקיץ בשעות אחה""צ ולסיים בשקיעת השמש.","חמי יואב- אנדרטה לחיילים המצרים מכיס פלוג'ה>שדה יואב מקיפים את הקיבוץ מחוץ לגדר או לחצות את הקיבוץ ולהמר על יציאה מהשער הדרומי סיכוי שיהיה פתוח במשך היום. אחרי חוות מרים השבילים במסלול המסומן חרושים אפשר לחצות ברגל או לעשושות איכוף דרך אתר קידוח נוסף ומשם לעלות לגבעת ידידיה - יש לחצות שדה חרוש. המשך בשבילים נוחים, אפשר לחצות את תלמי יפה יש שער פתוח ביציאה המזרחית או לעקף את היישוב מבחוץ. מעבר באתר מתקן התפלת מי תהום מליחים ע""ש ציון כהן. עלייה למשלט חוליקאת יש שלטי הסבר ומקום עם בריזה מהים בימים חמים. חוצים את כביש 232 ויש דרך מקבילה לכביש עד לאנדרטת גדוד 52. משם דרך כוכב מכאל חזרה לחמי יואב.",https://www.groopy.co.il/files/maslul/2607gps.gpx,gpx/2607.gpx,giar
2606,https://www.groopy.co.il/trackinfo.aspx?pid=2606,מסלול רכיבת אופניים | מבית כנסת ענים לבית כנסת סוסיא,מבית כנסת ענים לבית כנסת סוסיא,04/11/2021,דרום הר חברון,XC,"30 ק""מ",4.0 שעות,450 מטר,450 מטר,בינוני,בינוני,לא,כן,לא,לא,שני - ליבנה (יישוב קהילתי),"ביכנ""ס עתיק ודרך חקלאות עתיקה בחורבת ענים>מאגר יתיר>מצפה קריות>חות טליה>מצפה יאיר>ביכנ""ס סוסיא>לוציפר>הר עמשא>בירידה בנחל ענים לחזור לנקודת התחלה.",ראה תיאור ואבני דרך.,"היות והאזור הוא בגבול מדבר יהודה עד לגובה 900 מ', וחלק מהמסלול בשטח פתוח, יש להתעדכן במז""א באותו יום. לשים לב למצב הרוחות.
באופן כללי סוף הקיץ עד דצמבר. קטע מהמסלול שביער יתיר מתאים לכל עונות השנה.","מתחילים בסיור בחורבת ענים, בית הכנסת העתיק ושביל מתקנים חקלאיים השביל תחום בשורות אבנים:בדרך: מערת קבורה,משטח בית בד, גורן, מדוכה וגת.. חוצים קטע מהיער עד לשביל הירוק ורוכבים לאורך מטעי דובדבנים. בעונה ניתן להגיע ולקנות דובדבנים בקטיף עצמי. תצפית קריות, תצפית למדבר יהודה ובקעת ערד. חוות טליה. אזור פרטי שבו גרים שתי משפחות (שני אחים), אם בעל המקום פנוי הוא יקבל אתכם באדיבות והכנסת אורחים, יספר לכם על החיים במקום. ויפתח לכם את השער לדרך מצפה יאיר. הדרך למצפה יאיר יישוב בנו ולידו קבוצת קרוונים. אפשר לשתות קפה בקפה רונאן עם תצפית למדבר יהודה ממזרח ויישובי חברון בצפון. - יש לתאם מראש הגעה אם מעוניינים בשירות בית הקפה. ירידה לסוסיא בכביש אך מומלץ בואדי הנטוע כרמי ענבים. יש לחצות שתי גדרות שניתנים לפתיחה. הגעה לאתר סוסיא העתיק ברכיבעה על כביש. הכניסה בתשלום - חובה לבקר!! האתר מרשים ומתוחזק היטב. ביציאה מהאתר חוזרים על הכביש מעט צפונה ועל שביל סמ""ש שחור מגיעים ליישוב סוסיא, בדרך רוג'ום מרשים ""רוגום אל חמרי"". ברכיבה על הכביש ובעלייה עד בית יתיר. ביקור במשטרת ליציפר הירדנית לשעבר. יורדים עם הכביש עד לצומת הר עמשא, ומשם עולים בשביל סמ""ש שחור - דרך רומית, עוקפים את היישוב ויורדים לנשביל לאורך נחל ענים. בשלב מסוים עוזבים את השביל ועולים לנקודת ההתחלה. שם לב: העלייה בדרך הרומית סלעית עם הרבה אבנים. אם רוצים לעקוף או לוותר על קטע זה אפשר להמשיך בכביש של יער יתיר לאוך צידו המזרחי של מאגר יתיר.",https://www.groopy.co.il/files/maslul/2606gps.gpx,gpx/2606.gpx,giar
2605,https://www.groopy.co.il/trackinfo.aspx?pid=2605,מסלול רכיבת אופניים | הקפת שמורת אלונה ממזרח ומערב,הקפת שמורת אלונה ממזרח ומערב,30/10/2021,הכרמל ורמות מנשה,XC,"38 ק""מ",4.0 שעות,661 מטר,,למתקדמים,בינוני,לא,כן,לא,לא,בת שלמה הישנה,,,כל השנה.,"המסלול בת שלמה -נחל דליה עד כביש 6-עמיקם- סינגלי גיא האיילות- מוטורקרוס-חוצה הגבעה-עין אביאל-נחל סנונית-ח.טאטא-שוליו הצפוניים של הר חורשן-בת שלמה הישנה. הקטע המערבי של השמורה כולו בדרכי קרוס קאנטרי עולות ויורדות ,פה ושם בולדרים מונעי דיווש ושילוט של פעם כן ופעם אין ,עניין המחייב ניווט מוקפד ולא קל.",https://www.groopy.co.il/files/maslul/2605gps.plt,gpx/2605.gpx,אבינועם
2604,https://www.groopy.co.il/trackinfo.aspx?pid=2604,מסלול רכיבת אופניים | SYNT בארץ המנזרים,SYNT בארץ המנזרים,28/10/2021,מדבר יהודה ובקעת ים המלח,XC,"26 ק""מ",4.0 שעות,440 מטר,,בינוני,קל,לא,כן,לא,לא,בית הערבה,,"בית הערבה הישנה, גשר עבדללה, ארץ המנזרים, קצ'ר אל יהוד, לאורות.",סתו חורף,,https://www.groopy.co.il/files/maslul/2604gps.gpx,gpx/2604.gpx,משה10
2603,https://www.groopy.co.il/tracks.aspx,גרופי – מסלולי טיולי אופניים,,,,,,,,,,,,,,,,,,,,,,
2602,https://www.groopy.co.il/tracks.aspx,גרופי – מסלולי טיולי אופניים,,,,,,,,,,,,,,,,,,,,,,
2601,https://www.groopy.co.il/tracks.aspx,גרופי – מסלולי טיולי אופניים,,,,,,,,,,,,,,,,,,,,,,
2600,https://www.groopy.co.il/trackinfo.aspx?pid=2600,מסלול רכיבת אופניים | מעיינות ושקנאים בעמק המעיינות,מעיינות ושקנאים בעמק המעיינות,14/10/2021,גליל תחתון והעמקים,XC,"36 ק""מ",4.0 שעות,208 מטר,,בינוני,,לא,כן,לא,לא,קפה קפה שדי תרומות,4 מעיינות בריכות דגים ושקנאים,,סתו אביב חורף,,https://www.groopy.co.il/files/maslul/2600gps.gpx,gpx/2600.gpx,משה10
2599,https://www.groopy.co.il/tracks.aspx,גרופי – מסלולי טיולי אופניים,,,,,,,,,,,,,,,,,,,,,,
2598,https://www.groopy.co.il/trackinfo.aspx?pid=2598,מסלול רכיבת אופניים | גולן יפה-שביל האופניים של דרום הגולן,גולן יפה-שביל האופניים של דרום הגולן,14/10/2021,רמת הגולן,XC,"39 ק""מ",4.0 שעות,216 מטר,820 מטר,קל,קל,לא,לא,לא,לא,רמת מגשימים,,,,"שביל האופניים של דרום הגולן,בטוח שכבר העלו פה הרבה,חושב שגם אני, אבל תמיד יש בו שינויים ושדרוגים קלים, אז הנה עוד הקלטה טובה שעשינו שלשום(12/10/21). השביל מתחיל בנטור. בגלל תחבורה/הקפצה(וכאן המקום: אוטובוס חברת גולן קו 51, ראשון שיוצא בבוקר מטבריה, בתחנת דלק האון בשעה 7:19 בערך,תקדימו טיפה,לא לפספס), ותפילה(מנינים ברמת מגשימים,5:50 ו 6:30), התחלנו ברמת מגשימים, שביל סלול יפה לחיספין. כמעט כל השביל עד הירידה להאון על שבילי אספלט טובים. לאורכם של כל ישובי דרום הגולן עד מבוא חמה. גיחות קצרות ברגל למעיינות, עין נוב/נוקד, עין פיק ולפני סיום, עין שוירח. קצת אחרי מבוא חמה הירידה להאון. יש קטעים קשים, אני ירדתי ברגל. ירידה לעין שוירח/שריר. המשך, אנחנו על הסינגל,אני את רובו על הרגליים, הצטערתי שלא ירדתי מלמעלה על דרך ה4X4(גם היא קשה לי), לאלו שהיו אתי, זה, הסינגל, היה הדובדבן. האון, מי שהקפיץ בבוקר, נהדר ומי שלא, נהגים עולים בטרמפים(פעם היו עוצרים, היום לא, מה קורה לאנשי הגולן הנהדרים)או באוטובוס קו 51.והאחרים עם האופניים נחים בתחנת הדלק, מקום מצוין לנוח בו. הטיול הזה מתאים לכולם, פרט לירידה להאון, הוא מתאים גם לילדים, כולו או חלקו, כל אחד והכישורים שלו, אפשר גם לרדת מאמפי גולן עם הכביש הישן שיורד לעין גב ובדרך ביקור בסוסיתא. הקטע שיורד להאון, גם הסינגל גם ה4X4, אני מגדיר כקשה(אבל זה אני). הגולן הוא תמיד יפה, המעיינות תמיד מלאים, עכשיו סוף הקיץ עוד הכל יבש, אז רק תארו לכם איך הוא יראה בסוף החורף באביב, הצבעים,הפריחה... אני יעלה פה קישור לגלריה, אם יעניין אותכם.",https://www.groopy.co.il/files/maslul/2598gps.gpx,gpx/2598.gpx,ברקאי
2597,https://www.groopy.co.il/trackinfo.aspx?pid=2597,מסלול רכיבת אופניים | עמק החולה ומקורות הירדן,עמק החולה ומקורות הירדן,13/10/2021,גליל עליון,XC,"54 ק""מ",5.0 שעות,300 מטר,300 מטר,בינוני-קל,קל,לא,כן,לא,לא,יסוד המעלה,ראה תיאור,ראה תיאור,אוקטובר -מאי,"יציאה מיסוד המעלה> ביקור באחוזת דוברובין > חוצים את כביש 90 בצומת הכניסה הצפונית ליסוד המעלה, הכניסה לדרך החוצה את כביש 90 היא מצד שמאל(דרום) של הכביש. הדרך עוברת מתחת לכביש 90. המשך רכיבה למרגלות רמות נפתלי במקביל לכביש 90 ממערב. >סיור בעינות עינן > סיור בשמורת תאו> כ-250 מ' מעין תאו צפונה חוצים את כביש 90 לצד מזרח דרך מעבר מתחת לכביש, הפנייה למעבר נמצאת בסיבוב חד דרומה שימו לב לא לעבור את הפנייה.. ממשיכים מזרחה עד לערוץ הירדן המקורי (עוקף את תעלת הירדן וממלא את אגמון החולה) ורוכבים לאורכו צפונה עד ל""זולה"" תחת עץ תאנה רחב נוף מקום להפסקה ולרחצה בירדן. המשך עד גשר יוסף ומשם לקחת את הדרך לאורך הגדה המערבית של נחל שניר עד לכביש 99.. לאורך הדרך פינות יפות להפסקה ורחצה. עוקפים את החלק הדרומי של שמורת שניר וחוזרים לכביש 99 > רוכבים בשביל אופניים, חוצים את הכביש אחרי שחולפים מעל נחל דן ומשם דרומה לאנדדרטת אסון המסוקים. חוזרים בדרך שבאנו ורוכבים בגדה המערבית של הדן דרומה.>חוצים את כביש 918 וממשיכים דרומה בגדה המזרחית של נחל חרמון עד לקיבוץ עמיר. נכנסים בשער של קיבוץ עמיר ומיד שמאלה לאוך הגדר, ולצאת בשער היציאה הראשון - בד""כ פתוח בשעות העבודה. המשך דרומה לאורך הירדן בירידה מתונה עד לגשר החמישה ומשם מערבה לנקודת ההתחלה ביסוד המעלה.",https://www.groopy.co.il/files/maslul/2597gps.gpx,gpx/2597.gpx,giar
2596,https://www.groopy.co.il/trackinfo.aspx?pid=2596,מסלול רכיבת אופניים | שתי גדות לירדן - ממצד עתרת לעיינות גונן,שתי גדות לירדן - ממצד עתרת לעיינות גונן,11/10/2021,גליל עליון,XC,"36 ק""מ",4.0 שעות,326 מטר,326 מטר,בינוני-קל,קל,לא,כן,לא,לא,יסוד המעלה,ראה תיאור,ראה תיאור,אוקטובר מאי,"יציאה מיסוד המעלה מזרחה לגשר התמסחים > המשך דרומה לאורך הגדה המערבית של הירדן עד למעיין ""בנות יעקוב"" אפשר לטבול במים מבעבעים בריח גופרית >מצד עתרת, תצפית לירדן ולשבר בחומת המצודה שמבטא את תזוזת השבר הסורי אפריקאי > חוצים את גשר בנות יעקוב ורוכבים צפונה לאורך הגדה המזרחית של הירדן > חניון דרדרה אשמורה ואייל, נסיונות התיישבות מתחת למוצבים הסורים > עין תינה, רחצה מתחת למפל > עיינות גונן, רחצה בברכה של עין חשק > חזרה דרך גונן לאורך הגדה המערבית ו/או המזרחית של הירדן ליסוד המעלה.. נקודות חציית הירדן: מול גונן,. מול אגמון החולה בחיבור תעלה שנשפכת לירדן ממערב. יש שער חוסם לרכב אך עביר לאופניים. חצייה שלישית בגשר החמישה מול יסוד המעלה. בימי חגים,שבתות וחופשות האתרים וגדת הירדן עמוסות במטיילים, ויש תנועה של רכבים מעלי אבק בשבילים..",https://www.groopy.co.il/files/maslul/2596gps.gpx,gpx/2596.gpx,giar
2595,https://www.groopy.co.il/trackinfo.aspx?pid=2595,מסלול רכיבת אופניים | דרך נוף נחל חרוד - עמק המעיינות,דרך נוף נחל חרוד - עמק המעיינות,09/10/2021,גליל תחתון והעמקים,XC,"40 ק""מ",5.0 שעות,444 מטר,444 מטר,בינוני-קל,קל,לא,כן,לא,לא,גן לאומי עין חרוד או גדעונה.,ראה תיאור,ראה תיאור,אוקטובר מאי רצוי בעונת נדידת הציפורים.,סיור בגן לאומי עין חרוד>תל יוסף הישנה>ברכות הדגים ותצפית ציפורים>גשר הקנטרה>נחל הקיבוצים>עין מודע>עין שוקק>מצפה גברי (מעל בית אלפא)>חזרה וסיום בגדעונה..,https://www.groopy.co.il/files/maslul/2595gps.gpx,gpx/2595.gpx,giar
2594,https://www.groopy.co.il/trackinfo.aspx?pid=2594,"מסלול רכיבת אופניים | עמק המעיינות עפ""י הכרמי סשופר ומשודרג","עמק המעיינות עפ""י הכרמי סשופר ומשודרג",06/10/2021,גליל תחתון והעמקים,XC,"33 ק""מ",4.0 שעות,200 מטר,200 מטר,קל,קל,לא,כן,לא,לא,עין נזם,,,כל השנה למעט את הימים החמים מאד של הקיץ. ובתנאי שאתם הרבה הרבה במים(כמובן שעם הבגדים והנעליים),"מסלול טבילות בעמק המעיינות עפ""י הכרמי, שידרגתי/שיפרתי והוספתי עת עין יהודה, את המפלים הלבנים(זהירות,סכנה לגלוש במפלים, הזרימה היתה חזקה מאד),הוספתי גם את עין שוקק.אז כמעט לא יוצאים מהמים(למי שאוהב). מתחילים בעין נזם(עם הווייז)ומסימים שם, אם התחלתם מאוחר, אז כדאי כבר לטבול בהתחלה, בסוף חייבים. תאור מלא של המסלול, תוכלו לקרא בדף הגלריה שעוד מעט אעלה. וכמובן קובץ מסלול.",https://www.groopy.co.il/files/maslul/2594gps.gpx,gpx/2594.gpx,ברקאי
2593,https://www.groopy.co.il/trackinfo.aspx?pid=2593,"מסלול רכיבת אופניים | אלעד שוהם וברקת(עפ""י נתן ואיציק)","אלעד שוהם וברקת(עפ""י נתן ואיציק)",04/10/2021,מישור החוף,XC,"32 ק""מ",3.0 שעות,280 מטר,280 מטר,בינוני,קל,לא,כן,לא,לא,בית הקברות כפר סירקין,,,חורף ואביב,"טיול קל""ב נהדר, במיוחד לתקופת החורף(כמעט ללא בוץ)והאביב כשהכל פורח וצבעוני(וכאן הוא באמת הכל). אנחנו עשינו אותו כהכנה לתקופה הזו..יש קובץ ניווט ולכן לא אפרט בתאור המסלול רק ממש בקצר. בי ת הקברות סירקין אל יער נחשונים,אתו אל פאתיה הצפוניים של אלעד ומזרחה אל הימח""ים(של מי)עד הכביש לרנטיס. צפונה על שול הכביש(שול רחב), או על שביל(לא קל)ממזרח הכביש, עד המחסום ועם גדר המערכת,מזרחה(2.2 קמ) וחזרה על שביל/דרך אספלט ישנה שחוצה את כל העמק. שוהם, קפה דני. ברקת, הרכבים בסירקין. עדכון מהיום(13/12/21)של קובץ הניווט: יער נחשונים,השביל שעולה מזרחה, הזזתי קטע קצר ימינה צפון לשביל לתוך היער ולנרקיסים ולרקפות(בעונתם)על שביל סינגל קצר, מיד אחרי גשם או בגשם, כדאי שתותרו עליו ותמשיכו עם דרך הכורכר.",https://www.groopy.co.il/files/maslul/2593gps.gpx,gpx/2593.gpx,ברקאי
2592,https://www.groopy.co.il/trackinfo.aspx?pid=2592,מסלול רכיבת אופניים | סובב גן יבנה - חדש,סובב גן יבנה - חדש,25/09/2021,השפלה,XC,"31 ק""מ",1.5 שעות,300 מטר,300 מטר,קל,קל,לא,כן,כן,כן,גן יבנה,גן יבנה - נחל אלה -,,קיץ - אביב - סתיו -,"מסלול מעגלי - מתחילים בגן יבנה - יציאה לכיוון הכביש החדש - גן הדרום, נעלה מזרחה דרך מטע זיתים מהמם לכיוון קיבוץ חצור ונחל אילה - בעונת האביב יש פריחה של שדה גידול פרחים ( אסור לקטוף - אבל שווה סלפי ) נמשיך למטע עציי אדר ואפרסמון של גן הדרום וחזרה לגן יבנה למתחם הנקודה לשיחרורים - מסלול לשעות בוקר מוקדמות או הערב - לא מומלץ אחריי גשמים ( יש 4 גשרים אירים שצריך לעבור )",https://www.groopy.co.il/files/maslul/2592gps.gpx,gpx/2592.gpx,YZF_R1
2591,https://www.groopy.co.il/trackinfo.aspx?pid=2591,מסלול רכיבת אופניים | עמק אלונה וסינגלים ברמת הנדיב,עמק אלונה וסינגלים ברמת הנדיב,24/09/2021,הכרמל ורמות מנשה,XC,"31 ק""מ",2.0 שעות,360 מטר,360 מטר,בינוני,בינוני,לא,כן,לא,לא,,,,אביב וסתיו,"מהמכוניות לגן ירון. ירידה לשביל ישראל. דרומה ליד קיר הטיפוס עד לדרך יפו. רכיבה לאורך העמק למרגלות החורשן. ירידה לעמק אלונה. נחל תנינים ישר על הכביש לקפה ציפורה. על דרך עפר, בין כרמים לשדות לבנימינה. לאורך נחל תמסח לשוני. טיפוס לרמת הנדיב דרך המחצבה. עצירה בתצפית הדגל (מורן ורדי), טיפוס לעקב אל מנצור (הוילה) ותצפית מערבה. תפירת כל הסינגלים ברמת הנדיב וחזרה למכוניות.",https://www.groopy.co.il/files/maslul/2591gps.gpx,gpx/2591.gpx,אהוד גנני
2590,https://www.groopy.co.il/trackinfo.aspx?pid=2590,מסלול רכיבת אופניים | SYNT-N נחל כזיב ממצפה מנות - מעיליא - שמורת הנחל - גשר הזיו (עם הקפצת רכבים),SYNT-N נחל כזיב ממצפה מנות - מעיליא - שמורת הנחל - גשר הזיו (עם הקפצת רכבים),21/09/2021,גליל מערבי,XC,"30 ק""מ",2.0 שעות,370 מטר,620 מטר,בינוני,בינוני,לא,לא,לא,לא,"מצפה מנות, החניה באחרי הכניסה ליישוב",,"תצפית על המונפורט, מעיליא, עין זיו, עין טמיר, עין חרדלית",לא בחורף,"מנות, תצפית על המונפורט, מצפה הילה, מעיליאה ביקור בחצר הכנסיה, מרכז מסחרי עאסי, הצטיידות בפחמימות במאפיה, ירידה לנחל, ארוחת בוקר במפל בעין זיו, מעבר בזהירות מתחת לתחנת השאיבה, עין טמיר, בריכת שחיה ממערב לעין טמיר, עין חרדלית וחזרה בכביש לרכבים בחניון בדלק גשר הזיו.",https://www.groopy.co.il/files/maslul/2590gps.gpx,gpx/2590.gpx,אהוד גנני
2589,https://www.groopy.co.il/trackinfo.aspx?pid=2589,"מסלול רכיבת אופניים | אשתאול מגרש קק""ל","אשתאול מגרש קק""ל",15/09/2021,ירושלים והסביבה,XC,"35 ק""מ",3.0 שעות,800 מטר,800 מטר,בינוני-קשה,בינוני,לא,כן,לא,כן,"אשתאול מגרש קק""ל",,,כל השנה חוץ  מימים גשומים,,,,שושן   צחור
2588,https://www.groopy.co.il/tracks.aspx,גרופי – מסלולי טיולי אופניים,,,,,,,,,,,,,,,,,,,,,,
2587,https://www.groopy.co.il/trackinfo.aspx?pid=2587,מסלול רכיבת אופניים | סובב כרם מהרל,סובב כרם מהרל,30/08/2021,גליל תחתון והעמקים,XC,"42 ק""מ",2.5 שעות,780 מטר,780 מטר,בינוני-קשה,בינוני,לא,כן,לא,לא,דור אלון צומת עופר,,,,,https://www.groopy.co.il/files/maslul/2587gps.gpx,gpx/2587.gpx,אהוד גנני
2586,https://www.groopy.co.il/trackinfo.aspx?pid=2586,Object reference not set to an instance of an object.,,,,,,,,,,,,,,,,,,,,,,
2585,https://www.groopy.co.il/trackinfo.aspx?pid=2585,מסלול רכיבת אופניים | טמפלרים מעיין ובור SYNT,טמפלרים מעיין ובור SYNT,20/08/2021,גליל תחתון והעמקים,XC,"24 ק""מ",4.0 שעות,250 מטר,,קל,בינוני,לא,כן,לא,לא,ארומה בית זרזיר על כביש 77,,,,סיור בשני ישובים בהם התגוררו טמפלרים. מעיין אורן ובור אבא,https://www.groopy.co.il/files/maslul/2585gps.gpx,gpx/2585.gpx,משה10
2584,https://www.groopy.co.il/trackinfo.aspx?pid=2584,מסלול רכיבת אופניים | פארק הבשור צאלים,פארק הבשור צאלים,18/08/2021,הנגב הצפוני והמערבי,0,"70 ק""מ",4.0 שעות,,,,,לא,כן,לא,לא,,,,,,https://www.groopy.co.il/files/maslul/2584gps.kml,gpx/2584.gpx,עפר א
2583,https://www.groopy.co.il/tracks.aspx,גרופי – מסלולי טיולי אופניים,,,,,,,,,,,,,,,,,,,,,,
2582,https://www.groopy.co.il/trackinfo.aspx?pid=2582,מסלול רכיבת אופניים | נחל כזיב מעגלי לחשמלוקים,נחל כזיב מעגלי לחשמלוקים,29/07/2021,גליל מערבי,XC,"43 ק""מ",3.0 שעות,650 מטר,650 מטר,בינוני,בינוני,לא,כן,לא,לא,תחנת דלק דור אלון גשר הזיו,,,,"כך תאר אבי מור את המסלול שיצר וגם הוביל: ""הפעם בחרתי דרך שהיא לא טכנית ולא מסובכת . רכיבה למנות למצפה הילה למעיליא ומשם לאזור התעשיה של מעלות-תרשיחא והירידה אל נחל כזיב מי שלא היה בטיול בהחלט מוזמן לקחת מההודעה הזאת את קובץ ההקלטה של המסלול לטפס בכיף את הטיפוס ולהיכנס לכל המקומות הנהדרים שהיינו במים כולל הבריכה של עין חרדלית בסוף הרכיבה סך הכל לפי הקלטה יצא 43 קילומטר על 650 מטר עליות אומנם בחום זה קשה לטפס את זה אבל זה שווה בגלל הטבילות """,https://www.groopy.co.il/files/maslul/2582gps.gpx,gpx/2582.gpx,אהוד גנני
2581,https://www.groopy.co.il/trackinfo.aspx?pid=2581,מסלול רכיבת אופניים | מקיבוץ נחשון לנחל אילן,מקיבוץ נחשון לנחל  אילן,22/07/2021,ירושלים והסביבה,XC,"50 ק""מ",4.0 שעות,1000 מטר,1200 מטר,בינוני-קשה,בינוני,לא,כן,לא,כן,קיבוץ נחשון,,,כל השנה למעט ימים גשומים,,,,שושן   צחור
2580,https://www.groopy.co.il/trackinfo.aspx?pid=2580,מסלול רכיבת אופניים | מצומת לטרון לכסלון,מצומת לטרון  לכסלון,11/07/2021,ירושלים והסביבה,XC,"40 ק""מ",3.0 שעות,700 מטר,800 מטר,בינוני-קשה,בינוני,לא,כן,לא,כן,תחנת הדק בצומת לטרון,,,כל השנה למעט ימים  גשומים,,,,שושן   צחור
2579,https://www.groopy.co.il/trackinfo.aspx?pid=2579,מסלול רכיבת אופניים | בנימינה ארבעה מעיינות,בנימינה ארבעה מעיינות,29/06/2021,הכרמל ורמות מנשה,XC,"35 ק""מ",4.5 שעות,325 מטר,325 מטר,בינוני,בינוני,לא,כן,לא,לא,תחנת רכבת בנימינה,,כל המים שבדרך,קייץ,"משולש המעיינות בבנימינה,בטח תמצאו כאן באתר כמה מסלולים. אבל שמעון(פעם אדום)רקח והוביל אותנו היום על שבילים חדשים שבחלקם אף פעם לא רכבתי והוא נהדר. ודברים שאני אוהב, אני מעלה כאן שגם אחרים יהנו. תאור קצר מאד, יש כאן קובץ הקלטה של היום ולכן רק כמה מלים. תחנת רכבת, ממש מומלץ, אני באוניברסיטה 6:01, ללא תחנות ביניים,בנימינה 6:30. על נחל עדה, מעיין (חדש)נהדר, ברכונת קטנטנה(רק להזהר לא להחליק)מים צלולים נהדרים. טיפוס קל לגבעת נילי(השלמתי מים במזכירות)ובין השדות כניסה מדרום לעין נילי,הברכונת שכולם מכירים, מים לא הכי הכי אבל טבלנו. יציאה מנילי טיפוס קשה אבל קצר,אנחנו יצאנו משמאל,עליה מתונה אבל ארוכה. נחל תנינים וכל המעיינות שבו(אני טבלתי בשלוש). צפונה, ביקור בגן אהוד ולעין צור, עוד טבילה( במקוה הפתוח)וחזרה על שביל האופניים לשוני ולתחנת הרכבת. מתאים מאד אפילו לימי הקיץ החמים מאד(כמו שהיה לנו היום), בתנאי שאתם נכנסים הרבה הרבה למים וכמובן עם הבגדים ולא מספיקים להתיבש.",https://www.groopy.co.il/files/maslul/2579gps.gpx,gpx/2579.gpx,ברקאי
2578,https://www.groopy.co.il/trackinfo.aspx?pid=2578,מסלול רכיבת אופניים | גבעת שמואל עד אלעד דרך מאגר תמר,גבעת שמואל עד אלעד דרך מאגר תמר,21/05/2021,מישור החוף,XC,"20 ק""מ",1.2 שעות,135 מטר,,קל,,לא,כן,כן,לא,,,מאגר תמר,,,https://www.groopy.co.il/files/maslul/2578gps.gpx,gpx/2578.gpx,Natan
2577,https://www.groopy.co.il/tracks.aspx,גרופי – מסלולי טיולי אופניים,,,,,,,,,,,,,,,,,,,,,,
2576,https://www.groopy.co.il/tracks.aspx,גרופי – מסלולי טיולי אופניים,,,,,,,,,,,,,,,,,,,,,,
2575,https://www.groopy.co.il/tracks.aspx,גרופי – מסלולי טיולי אופניים,,,,,,,,,,,,,,,,,,,,,,
2574,https://www.groopy.co.il/tracks.aspx,גרופי – מסלולי טיולי אופניים,,,,,,,,,,,,,,,,,,,,,,
2573,https://www.groopy.co.il/tracks.aspx,גרופי – מסלולי טיולי אופניים,,,,,,,,,,,,,,,,,,,,,,
2572,https://www.groopy.co.il/tracks.aspx,גרופי – מסלולי טיולי אופניים,,,,,,,,,,,,,,,,,,,,,,
2571,https://www.groopy.co.il/tracks.aspx,גרופי – מסלולי טיולי אופניים,,,,,,,,,,,,,,,,,,,,,,
2570,https://www.groopy.co.il/trackinfo.aspx?pid=2570,מסלול רכיבת אופניים | מצובה לעין לימון בסינגל משובח,מצובה לעין לימון בסינגל משובח,01/05/2021,ירושלים והסביבה,0,"2 ק""מ",0.5 שעות,90 מטר,90 מטר,למתקדמים,בינוני,כן,לא,לא,לא,"כד להנות במידה מירבית מומלץ לרכב את הסינגל בירידה.
הסוויץבקים והמדרגות יעשו לכם את זה.",,צמחיה עשירה ונוף מרהיב.,כל השנה.,הכניסה לסינגל כמה מטרים במורד שביל ישראל היורד מצובה לעין לימון.תחילתו משמאל(מערבית)לדרך. החד שביל צר מאוד מלא בסיבובים חדים ומדרגות סלע ומהנה מאוד. סיום הקטע בכניסה לסינגל לימון דרום על שביל ישראל בסמוך לעין לימון.,https://www.groopy.co.il/files/maslul/2570gps.plt,gpx/2570.gpx,אבינועם
2569,https://www.groopy.co.il/trackinfo.aspx?pid=2569,מסלול רכיבת אופניים | מלטרון ליד השמונה,מלטרון ליד השמונה,27/04/2021,ירושלים והסביבה,XC,"38 ק""מ",5.0 שעות,1080 מטר,1080 מטר,בינוני-קשה,בינוני,לא,כן,לא,לא,תחנת דלק - לטרון,ראה תיאור,ראה תיאור,כל השנה,"יציאה ממגרש החנייה בלטרון.. להגיע לפארק איילון. שתי אפשרויות: א. רכיבה על הכביש כ-2 ק""מ - מסוכן מאוד. ב. בטוח יותר לרכוב כ-5 ק""מ בשביל ישראל, לחצות את כביש 1 מתחת לגשר.ולרכוב חזרה על דרך בצד השני של הכביש עד לצד המערבי של הפארק. הפארק מגודר אך יש שביל סינגל בהמשך הגדר ממנו ניתן להכנס לפארק ולחצות את הכביש לצד המזרחי שלו. גם חציית הכביש מסוכנת בגלל עומס תנועה ושדה ראיה מוגבל. חצינו בשלום מכאן מתחיל הטיול? ביקור בבית מרחץ רומי שבבאמאוס> קבר שיח אבן-ג'בל> עין אל בלאד>והמשך בדרך הרומית מאמאוס לירושלים. ובדרך אבני מיל וחורבת מצד ממנה תצפית מזרחה. מקומות נעימים לעצירות, דרך מנהרת הרכבת, יער המכללות, ואתר יהודי בלגיה > נווה אילן: תצפית מדהימה מערבה.סיום העלייה בגן התנ""ך שביד השמונה מקום נעים ששווה להקדיש לו זמן שהייה לפני הסיום. סיום בירידה בשביל כחול שיורד דרך נחל אילו עד לשער הגיא. שימו לב הכניסה לשביל מסתתרת בפירצה במעקה בטיחות. בשער הגיא חוצים לצד הצפוני של כביש 1 ועם הדרך מגיעים עד למנזר השתקנים ולנקודת היציאה.",https://www.groopy.co.il/files/maslul/2569gps.gpx,gpx/2569.gpx,giar
2568,https://www.groopy.co.il/trackinfo.aspx?pid=2568,מסלול רכיבת אופניים | מלטרון לבית מאיר,מלטרון  לבית מאיר,27/04/2021,ירושלים והסביבה,XC,"40 ק""מ",3.0 שעות,500 מטר,500 מטר,בינוני-קשה,בינוני,לא,כן,לא,לא,תחנת  הדלק  בצומת לטרון,,,,,,,שושן   צחור
2567,https://www.groopy.co.il/tracks.aspx,גרופי – מסלולי טיולי אופניים,,,,,,,,,,,,,,,,,,,,,,
2566,https://www.groopy.co.il/trackinfo.aspx?pid=2566,מסלול רכיבת אופניים | מצומת נחשון לדרך בורמה-מצפה הראל-תעוז-תרום-יער צרעה(הנשיא)-יער הראל-צומת נחשון,מצומת נחשון לדרך בורמה-מצפה הראל-תעוז-תרום-יער צרעה(הנשיא)-יער הראל-צומת נחשון,24/04/2021,ירושלים והסביבה,XC,"31 ק""מ",3.0 שעות,600 מטר,,למתקדמים,בינוני,לא,כן,לא,כן,צומת נחשון(תחנת הדלק),,"תצפיות ,הסטוריה.",כל השנה.,"המסלול מתאפיין בדרכי עפר לרבות קטעי טיפוס ברמה קלה בינונית וקטעי כביש קצרים (זהירות). להלן פירוט נוסף- מצומת נחשון תתחברו לקטע קצר של דרך בורמה עד למצפה הראל. בהמשך כ0.5 ק""מ מערבית לעיינות סנסין פניה דרומה בדרך עפר המקיפה את תעוז ממערב והעפילו בכביש לתרום וממנו למצפה צרעה. הקיפו את היער בסמ""ש אדום עד להתחברו לסמ""ש ירוק .איתו המשיכו עד מעל לאוריה ורדו עימו עד נ.צ.196793-632665. המשיכו בדרך העפר במגמה כללית מערבה עד להתחברות לכביש הכניסה לאוריה. המסלול עולה לקטע קצר ומסוכן בכביש 44 עד לכניסה לקבוץ הראל . כ100 מטר לפני השער ירידה מערבה לדרך עפר מיוערת(לרבות קטע קצר של כביש ישן בסופו) ועד לנקודת ההתחלה. לשאלות והבהרות אני לרשותכם. אבינועם דור-058-4533874",https://www.groopy.co.il/files/maslul/2566gps.trk,gpx/2566.gpx,אבינועם
2565,https://www.groopy.co.il/tracks.aspx,גרופי – מסלולי טיולי אופניים,,,,,,,,,,,,,,,,,,,,,,
2564,https://www.groopy.co.il/trackinfo.aspx?pid=2564,מסלול רכיבת אופניים | אמ,אמ,20/04/2021,שומרון ובקעת הירדן,0,"10 ק""מ",1.0 שעות,,,,,לא,לא,לא,לא,,,,,,https://www.groopy.co.il/files/maslul/2564gps.twl,gpx/2564.gpx,יחזקאל בלומשטיין
2563,https://www.groopy.co.il/trackinfo.aspx?pid=2563,מסלול רכיבת אופניים | מעתלית לבנימינה,מעתלית לבנימינה,19/04/2021,מישור החוף,XC,"38 ק""מ",5.0 שעות,91 מטר,73 מטר,בינוני-קל,בינוני,לא,לא,לא,לא,תחנת רכבת עתלית,ראה תיאור המסלול,ראה תיאור המסלול,כל השנה,"מסלול בין אתרים לאורך החוף מעתלית לבנימינה:. המסלול כולל רכיבה בקו המים והליכה רגלית לחציית קטעים חוליים. אתרים בהם מומלץ לבקר: ליד תחנת הרכבת - חורבת קרתא, ובית קברות צלבני ואם בבסיס הצבאי יתירו אפשר לבקר במצודה הצלבנית בעתלית. מנוה ים רוכבים לאורך קו המים כ-3 ק""מ וחוצים לכיוון הבונים - ביקור במצודת הבונים - צלבנית. המשך לברכות הכורכר שבגן לאומי דור והמזגגה. המשך רכיבה בין ברכות הדגים של מעגן מיכאל - חלק מהדרכים חסומות יש לתמרן בניהם. חוצים מזרחה את כביש החוף לברכות תמסח. ומשם דרומה לבית חנניה ומזרחה לאורך אמת המים הרומית לבנימינה.",https://www.groopy.co.il/files/maslul/2563gps.gpx,gpx/2563.gpx,giar
2562,https://www.groopy.co.il/tracks.aspx,גרופי – מסלולי טיולי אופניים,,,,,,,,,,,,,,,,,,,,,,
2561,https://www.groopy.co.il/trackinfo.aspx?pid=2561,מסלול רכיבת אופניים | כוכב השחר ייטב,כוכב השחר ייטב,16/04/2021,שומרון ובקעת הירדן,XC,"30 ק""מ",4.0 שעות,150 מטר,1200 מטר,למתקדמים,בינוני,לא,לא,לא,לא,כוכב השחר,"מצפה כיפת כוכבים, אנדרטת הנ""ד, עוג'ה.",,חורף אביב,"מכוכב השחר למצפה כיפת כוכבים, ירידה בשביל מקביל לכביש רמאלה יריחו, אנדרטת הנ""ד, עוג'ה-גלישות מים, ייטב.",https://www.groopy.co.il/files/maslul/2561gps.gpx,gpx/2561.gpx,משה10
2560,https://www.groopy.co.il/tracks.aspx,גרופי – מסלולי טיולי אופניים,,,,,,,,,,,,,,,,,,,,,,
2559,https://www.groopy.co.il/tracks.aspx,גרופי – מסלולי טיולי אופניים,,,,,,,,,,,,,,,,,,,,,,
2558,https://www.groopy.co.il/tracks.aspx,גרופי – מסלולי טיולי אופניים,,,,,,,,,,,,,,,,,,,,,,
2557,https://www.groopy.co.il/tracks.aspx,גרופי – מסלולי טיולי אופניים,,,,,,,,,,,,,,,,,,,,,,
2556,https://www.groopy.co.il/tracks.aspx,גרופי – מסלולי טיולי אופניים,,,,,,,,,,,,,,,,,,,,,,
2555,https://www.groopy.co.il/trackinfo.aspx?pid=2555,מסלול רכיבת אופניים | סובב מגדל ארבל מגדל,סובב מגדל ארבל מגדל,10/04/2021,גליל תחתון והעמקים,XC,"27 ק""מ",3.0 שעות,600 מטר,,בינוני,בינוני,לא,כן,לא,לא,תחנת דלק מול מגדלא,,,אביב (אפשרי גם קיץ),מסלול יפה בעיקר באביב. לא מתאים לימים שלאחר גשם (בוץ). ירידה טכנית מהארבל,https://www.groopy.co.il/files/maslul/2555gps.gpx,gpx/2555.gpx,ubsil
2554,https://www.groopy.co.il/trackinfo.aspx?pid=2554,מסלול רכיבת אופניים | חמדת-חמרה,חמדת-חמרה,09/04/2021,שומרון ובקעת הירדן,0,"19 ק""מ",2.5 שעות,,,,,לא,לא,לא,לא,,,,,,https://www.groopy.co.il/files/maslul/2554gps.twl,gpx/2554.gpx,יחזקאל בלומשטיין
2553,https://www.groopy.co.il/trackinfo.aspx?pid=2553,מסלול רכיבת אופניים | סובב מסטרה,סובב מסטרה,02/04/2021,שומרון ובקעת הירדן,0,"15 ק""מ",2.0 שעות,,,,,לא,לא,לא,לא,,,,,,https://www.groopy.co.il/files/maslul/2553gps.twl,gpx/2553.gpx,יחזקאל בלומשטיין
2552,https://www.groopy.co.il/trackinfo.aspx?pid=2552,מסלול רכיבת אופניים | איתמר פצאל,איתמר פצאל,01/04/2021,שומרון ובקעת הירדן,0,"36 ק""מ",5.0 שעות,,,,,לא,לא,לא,לא,,,,,,https://www.groopy.co.il/files/maslul/2552gps.twl,gpx/2552.gpx,יחזקאל בלומשטיין
2551,https://www.groopy.co.il/tracks.aspx,גרופי – מסלולי טיולי אופניים,,,,,,,,,,,,,,,,,,,,,,
